First Last,First,Last,Company,Domain
John Mann,John,Mann,"John Mann, DMD",www.poconopinesdental.com
Shawn Maloy,Shawn,Maloy,Old Town Dental Llc,www.old-town-dental.com
John Hao Rong,John,Rong,Genuine Care Dental,www.genuinecaredental.com
Lynne Ann Morancy,Lynne,Morancy,Teamwork Dental Temps,www.teamworkdentaltemps.com
David Niles,David,Niles,Brink Street Dental,www.brinkstreetdental.com
John Archer,John,Archer,"Orthodontic Associates, P.C",www.oasmiles.com
Michele Chalmers,Michele,Chalmers,Michele Chalmers D.D.S,www.michelechalmersdds.com
Michael Smith,Michael,Smith,Accent Dental Group,www.myaccentdental.com
Mark Johnston,Mark,Johnston,"Mark W Johnston, Dmd, Ms",www.smilemakers.net
Brian Amy,Brian,Amy,"Orthodontic Associates, P.C",www.oasmiles.com
Andres Del Valle,Andres,Valle,"Dynamic Dental, P.C",www.dynamicdentalinc.com
Diana Cicchiello,Diana,Cicchiello,Satilla Family Dentistry,www.satillafamilydentistry.com
Majid Shahab,Majid,Shahab,All About Smiles,www.napadentist.com
Guy Richard Nash,Guy,Nash,Nash Dental Care,www.nashdentalcare.com
John Reamer,John,Reamer,Reamer Family Dentistry,www.reamerfamilydentistry.com
Curtis William Sandahl,Curtis,Sandahl,"Curtis W. Sandahl, DDS",www.drsandahl.com
Msd Karen L. Cottingham,Msd,Cottingham,"Cottingham Orthodontics, Inc",www.cottinghamortho.com
Louis Shoha,Louis,Shoha,"Professional Endodontics, P.C",www.profendo.com
Jesse Schroeder,Jesse,Schroeder,Schroeder Orthodontics,www.schroederorthodontics.com
Mark Allen Sutor,,,"Mark A. Sutor, D.D.S., M.S.D., P.C",www.sutordds.com
