First Last,First,Last,Company,Domain
Katharine Munn,Katharine,Munn,Periodontist,www.periodontal.co.uk
Jamie Alexander,Jamie,Alexander,"Jamie J. Alexander D.D.S., P.A.",www.boyntondelraydentist.com
Stephanie Vondrak,Stephanie,Vondrak,Vondrak Dental,www.drvondrak.com
John Meola,John,Meola,Dental Associates of New England,www.bostonsmile.com
Jed Hildebrand,Jed,Hildebrand,"Hildebrand Orthodontics, P.A",www.hildebrandortho.com
Mark Khoa Nguyen,Mark,Nguyen,OC Healthy Smiles,www.meganvali.com
Michael Agnini,Michael,Agnini,Agnini Family Dental,www.agninidental.com
Fran Twa,Fran,Twa,"Kymata Dental Arts, Llc",www.kymatadentalarts.com
Hans Smith,Hans,Smith,Davis Dental Care,www.laytonsmiles.com
James Joern,James,Joern,El Reno Dental,www.elrenodental.com
Paul Coleman,Paul,Coleman,Coleman Center for Cosmetic Dentistry Inc.,www.drpaulcoleman.com
Wilkie Stadeker,Wilkie,Stadeker,Periodontist,www.periodontal.co.uk
Jared Gianquinto,Jared,Gianquinto,Gianquinto OrthoArts,www.orthoarts.com
Lulu Hester Alexander,Lulu,Alexander,Artistic Dentistry Of Hanover,www.artisticdentistryhanover.com
Craig Armstrong,Craig,Armstrong,"Craig S. Armstrong, Dds, Pllc",www.craigarmstrongdds.com
Quynh Ngoc Nguyen,Quynh,Nguyen,Li'l Teeth Dentistry,www.lilteeth.com
Justin D'abadie,Justin,D'abadie,Advanced Dental Care of Austin,www.advanceddentalcareofaustin.com
David Rowell,David,Rowell,David Rowell DDS,www.cottonwoodplacedental.com
Elizabeth Ann Botello,Elizabeth,Botello,"All Valley Smiles, Inc",www.allvalleysmiles.com
Jason Hanyon,,,Century Dental Associates,www.centurydentalsmiles.com
