First Last,First,Last,Company,Domain
Saqib Usmani,Saqib,Usmani,Delaware Smile Center,www.desmilecenter.com
Larry Hill,Larry,Hill,Cincysmiles Foundation,www.cincysmiles.org
Parnika Bhagat,Parnika,Bhagat,Soft Care Dental Group,www.softcaredentalgroup.com
Mike Skramstad,Mike,Skramstad,"Orono Dental Care, P.C",www.oronodentalcare.com
Hilarie Steele,Hilarie,Steele,Best Natural Smile,www.bestnaturalsmile.com
Farhan Qureshi,Farhan,Qureshi,"Farhan Qureshi, Dds, Pc",www.skylinedentist.com
Kathryn Bielik,Kathryn,Bielik,"Petty, Bielik & Burke Orthodontics, P.C",www.bracesforsmiles.com
Patrick Mcgary,Patrick,Mcgary,"Lahair & Gallagher Pediatric Dentistry & Orthodontics, LLC",www.fightingdecay.com
Anokeen Varani,Anokeen,Varani,Antoine Varani D.D.S.,www.varanismile.com
Kyle Van,Kyle,Van,"Perledent Dental Care, Pc",www.perledent.com
William Watson,William,Watson,"Wichita Endodontics, Llc",www.wichitaendo.com
Brian Lam,Brian,Lam,"Yosh Jefferson, Dmd",www.jeffersondental.com
Cynthia Cruz,Cynthia,Cruz,"Kymata Dental Arts, Llc",www.kymatadentalarts.com
William Dammer,William,Dammer,Alpine Dental Arts,www.anundsen.com
Nghi Trinh Pham,Nghi,Pham,Karsil Dental Professionals,www.karsildental.com
Edward Randel,Edward,Randel,"Middletown Family Dentistry, P.A",www.middletownfamilydentistry.com
Valentina Lyssova,Valentina,Lyssova,Lyssova Dental Wellness,www.lyssova.com
Gary Mar,Gary,Mar,Rancho Niguel Dental Group,www.ranchonigueldental.com
Peoria Heights,Peoria,Heights,"Peoria Heights Dental Center, P.C.",www.smilesofpeoria.com
Faadom Amy M. Russell,,,"Smiles For The Future, Llc",www.smilesforthefuture.com
