First Last,First,Last,Company,Domain
Christopher Smiley,Christopher,Smiley,Smiley Family Dentistry P.C,www.smileydds.com
Casey Ashmore,Casey,Ashmore,Dental Express,www.thedentalexpress.com
Heather Parsons,Heather,Parsons,"Valley Pediatric Dentistry, P.C.",www.valleypediatricdentistry.com
Christian Menkal,Christian,Menkal,Von Goodin Dds Inc,www.vongoodin.com
Ray Morgan,Ray,Morgan,Towne Lake Family Dentistry & The Art of Cosmetic Dentistry,www.raymorgandmd.com
Marie Jackson,Marie,Jackson,Stellar Smile Center,www.stellarsmilecenter.com
Scott Laudon,Scott,Laudon,Alcan Dental Group,www.alcandentalanchorage.com
Terence Mclaughlin,Terence,Mclaughlin,Estrella Dentistry,www.estrelladentistry.com
Bradley Western,Bradley,Western,Our Family Dentist,www.ourfamilydentist.com
Alex Balaban,Alex,Balaban,Smile Arts Dental,www.carmeldental.com
Carl Fleeman,Carl,Fleeman,Family Dental Center,www.familydentalcenter.org
Steven Stanley,Steven,Stanley,Conejo Dental Group,www.conejo-dental.com
Lauren Broere,Lauren,Broere,Total Dental Care,www.totaldentalcare.com
Eric Forsberg,Eric,Forsberg,"Altoona Smiles, Pc",www.altoonasmiles.com
Dave Mcgee,Dave,Mcgee,Mesquite Canyon Dental,www.mesquitecanyondental.com
Lacey Andreotta,Lacey,Andreotta,Southern Dental Care,www.southerndentaldds.com
Vijay Bhagia,Vijay,Bhagia,Space Center Orthodontics,www.spacecenterortho.com
Ryan Goslin,Ryan,Goslin,"Ryan D. Goslin, Dds, Pc",www.drgoosevt.com
Eric Pang,Eric,Pang,Roland Pagniano Dds Ms& Associ,www.dublindentalcareohio.com
Daniel Pallay,,,Daniel J Pallay,www.pallaydental.com
