First Last,First,Last,Company,Domain
Dan Strobel,Dan,Strobel,"Strobel Dentistry, Ltd.",www.strobeldentistry.com
Steve Rinaldi,Steve,Rinaldi,Andover Smiles,www.andoversmiles.com
Les Kurian,Les,Kurian,kurian dental,www.kuriandental.com
Kenneth Gibbs,Kenneth,Gibbs,Gibbs Dentistry,www.gibbsdentistry.com
Shawn Pitts,Shawn,Pitts,"Pitts Mark A, DDS",www.drpitts.com
Stacey Hunkapiller,Stacey,Hunkapiller,Eby Family Dental,www.ebyfamilydental.com
Mark Braydich,Mark,Braydich,"Braydich Dental, Inc",www.braydich.com
Bahar Tehrani,Bahar,Tehrani,The Spring Dental,www.thespringdental.com
Mark Samani,Mark,Samani,Ridgewood Dental Associates,www.ridgewooddental.com
Ray Belisle,Ray,Belisle,Columbia Dental,www.columbiadental.com
Rebecca Armel,Rebecca,Armel,"Rebecca Armel, D.D.S., Inc",www.rebeccaarmeldds.com
Kevin Rowan,Kevin,Rowan,"Rowan Family Dentistry, Inc",www.rowanfamilydentistry.com
Steven Freeman,Steven,Freeman,"Steven R. Freeman, Dds, Pl",www.elitesmilesdentistry.com
Michael Mccann,Michael,Mccann,"Michael S Mccann, DDS",www.michaelsmccanndds.com
Paul Pincofski,Paul,Pincofski,"Pincofski Susan, DMD",www.drpincofski.com
Brett Mcray,Brett,Mcray,The Dentists At Houston Westchase,www.houstonwestchasedentists.com
Andrew Chase,Andrew,Chase,"Arch Orthodontics, P.C",www.archorthodontics.com
Brent Stanley,Brent,Stanley,"Ironwood Dental Care, PC",www.ironwooddentalcare.com
Marc Beshar,Marc,Beshar,Marc Beshar Dmd,www.drbeshar.com
Lori Brown,,,Enspire Dental,www.enspiredental.com
